{
	"hvac": {
		"induced density of duration": [69.46580471,25.55501935],
		"induced density of sac": [31079.17157,10059.90875],
		"numberOfCyclesStats": {
			"numberOfCycles": [0,1,2,3,4,5,6,7,8,9,10,11,12,13,14,15],
			"numberOfCyclesDuration": [0,101.1856092,42.5821727,48.19235837,55.05142857,59.20194647,62.35636364,66.26568266,69.02642559,77.86086957,78.65709156,83.8037037,87.41962422,90.92198582,91.16129032,97.76632302],
			"numberOfCyclesEnergy": [0,35109.08198,20804.26947,23797.47636,27633.38256,29053.92901,30469.80992,31670.64179,32773.32064,35205.59661,36494.92111,37714.67213,37177.0649,38781.20016,39545.35326,41036.02526],
			"numberOfCyclesProb": [0.3172731585,0.08287592329,0.04865487565,0.05143321813,0.05929389442,0.05570237853,0.05590567188,0.05509249848,0.0487226401,0.04675747103,0.03774479908,0.03659280342,0.03245917192,0.02866436268,0.02310767771,0.01971945517]
		},
		"means": [
			[0],
			[2063.666667],
			[570]
		],
		"startprob": [
			[0.8349463904],
			[0.04276918717],
			[0.1222844225]
		],
		"transprob": [
			[0.9217640093,0.1980625,0.464513935],
			[0.01072240641,0.53821875,0.08922116603],
			[0.06751358428,0.26371875,0.446264899]
		],
		"numberOfStates": 3
	},
	"wm": {
		"induced density of duration": [67.64662352,33.66142218],
		"induced density of sac": [7691.106089,8851.119457],
		"numberOfCyclesStats": {
			"numberOfCycles": [0,1,2,3,4,5,6,7,8,9,10,11,12,13,14,15],
			"numberOfCyclesDuration": [0,34.4975923,23.12087912,36.92261905,57.91111111,92.08695652,88.18181818,85.875,87.33333333,77.75,139.3333333,98.5,74.5,73.33333333,61,52],
			"numberOfCyclesEnergy": [0,1430.394816,999.4796777,1483.023766,2283.974588,3496.506171,3231.799573,3147.256363,4692.159566,5156.577551,5106.465442,9482.562803,12797.70121,21144.38567,16497.65699,32107.75323],
			"numberOfCyclesProb": [0.8031784841,0.1142420538,0.04449877751,0.02053789731,0.008251833741,0.004217603912,0.002017114914,0.00097799511,0.0005501222494,0.000488997555,0.0001833740831,0.0002444987775,0.0002444987775,0.0001833740831,0.0001222493888,6.112469438e-05]
		},
		"means": [
			[0],
			[1557.666667],
			[243.6]
		],
		"startprob": [
			[0.9960768894],
			[0.0003302131688],
			[0.003592897427]
		],
		"transprob": [
			[0.9981777715,0.6439688716,0.4443456615],
			[0.0001994575272,0.1381322957,0.0229374111],
			[0.001622770949,0.2178988327,0.5327169275]
		],
		"numberOfStates": 3
	},
	"fridge": {
		"induced density of duration": [129.8528212,13.66960491],
		"induced density of sac": [5902.671193,524.825465],
		"numberOfCyclesStats": {
			"numberOfCycles": [5,6,7,8,9,10,11,12,13,14,15],
			"numberOfCyclesDuration": [155.2746114,148.4495413,141.6414343,134.6324786,130.2960289,127.9368421,118.2678571,117.1256545,117.5744681,116.3341902,120.8479263],
			"numberOfCyclesEnergy": [6617.80882,6654.364557,6504.449994,6024.875924,5962.76714,6041.157059,5594.245169,5545.013096,5480.104538,5128.780485,5375.81634],
			"numberOfCyclesProb": [0.05718518519,0.06459259259,0.07437037037,0.06933333333,0.08207407407,0.08444444444,0.09955555556,0.1131851852,0.1114074074,0.1152592593,0.1285925926]
		},
		"means": [
			[0],
			[94],
			[238]
		],
		"startprob": [
			[0.6750059807],
			[0.307816572],
			[0.01717744727]
		],
		"transprob": [
			[0.8102079791,0.410291224,0.1045741856],
			[0.1868344978,0.5664100197,0.4284325093],
			[0.00295752311,0.02329875631,0.4669933052]
		],
		"numberOfStates": 3
	},
	"mw": {
		"induced density of duration": [62.88053467,37.72143879],
		"induced density of sac": [1239.931545,447.2906044],
		"numberOfCyclesStats": {
			"numberOfCycles": [0,1,2,3,4,5,6,7,8,9,10,11,12,13,14,15],
			"numberOfCyclesDuration": [0,123.8416789,27.86565752,28.78271919,27.72592593,33.77581121,37.3,39.85628743,47.75,66.57142857,71.30434783,105.483871,105.4736842,109,104.8571429,76.5],
			"numberOfCyclesEnergy": [0,1713.364427,741.9572515,814.0234141,941.2864744,1117.863726,1209.072439,1389.755291,1494.339281,1362.643334,1402.494429,1534.085429,1632.276665,1799.665965,1316.910313,1369.166276],
			"numberOfCyclesProb": [0.6284383998,0.166390982,0.06475525332,0.04821417632,0.03308215402,0.02076824113,0.01470317956,0.01023096245,0.004410953869,0.003001899161,0.001409054708,0.001899160693,0.001164001715,0.0008576854745,0.0004288427372,0.0002450529927]
		},
		"means": [
			[0],
			[93],
			[350.6666667]
		],
		"startprob": [
			[0.9883171981],
			[0.009814775226],
			[0.001868026712]
		],
		"transprob": [
			[0.9927763942,0.6190042304,0.5414534289],
			[0.006088309769,0.3515782623,0.208461276],
			[0.001135296062,0.02941750732,0.2500852951]
		],
		"numberOfStates": 3
	},
	"oven": {
		"induced density of duration": [76.46399604,24.23366062],
		"induced density of sac": [2833.404589,1100.462526],
		"numberOfCyclesStats": {
			"numberOfCycles": [0,1,2,3,4,5,6,7,8,9,10,11,12,13,14,15],
			"numberOfCyclesDuration": [0,119.1326234,74.29878049,69.98907104,69.67105263,77.63963964,77.5952381,66.20588235,78.70833333,76.36842105,79.37142857,99.4,80.73684211,84.77777778,75.375,94.15384615],
			"numberOfCyclesEnergy": [0,3380.450232,4929.012805,4245.33434,3523.8691,3407.153771,2712.783732,3333.326134,2392.604774,3341.637103,2602.34279,2082.207313,2667.538701,1949.315915,2604.772991,2162.12372],
			"numberOfCyclesProb": [0.8652216628,0.06342871178,0.02013999754,0.01123664497,0.009333169594,0.006815669901,0.005157804249,0.004175365344,0.002947316714,0.002333292398,0.002149085104,0.001842072946,0.002333292398,0.001105243768,0.0009824389046,0.00079823161]
		},
		"means": [
			[0],
			[2172.2],
			[1761.666667]
		],
		"startprob": [
			[0.9972240461],
			[0.0006992375193],
			[0.002076716345]
		],
		"transprob": [
			[0.9990444763,0.1493624772,0.4039877301],
			[0.0003552587973,0.3032786885,0.06564417178],
			[0.0006002648645,0.5473588342,0.5303680982]
		],
		"numberOfStates": 3
	},
	"dw": {
		"induced density of duration": [44.50131262,37.99579063],
		"induced density of sac": [2868.370631,1942.22685],
		"numberOfCyclesStats": {
			"numberOfCycles": [0,1,2,3,4,5,6,7,8,9,10,11,12,13,14,15],
			"numberOfCyclesDuration": [0,26.39317954,28.72210953,44.77419355,43.59183673,61.33333333,47.77777778,46,71.42857143,138,62,42,100,0,0,0],
			"numberOfCyclesEnergy": [0,3034.382942,4301.0436,5048.247599,4856.456169,4200.118519,3746.336422,2907.264344,4066.442214,5443.661683,2445.703075,1899.591144,3944.682379,0,0,0],
			"numberOfCyclesProb": [0.7732575896,0.1827011178,0.03011422638,0.005680776984,0.002993097551,0.001649257834,0.001649257834,0.001099505223,0.0004275853644,6.108362348e-05,0.000122167247,0.0001832508704,6.108362348e-05,0,0,0]
		},
		"means": [
			[0],
			[691.8],
			[220.2]
		],
		"startprob": [
			[0.988081786],
			[0.005073448571],
			[0.006844765453]
		],
		"transprob": [
			[0.9968931369,0.1710056151,0.3203892668],
			[0.001169872212,0.4511230219,0.2393235072],
			[0.001936990865,0.3778713629,0.440287226]
		],
		"numberOfStates": 3
	}
}
