{
	"hvac": {
		"induced density of duration": [59.80943262,22.63219599],
		"induced density of sac": [27743.61986,10161.28666],
		"numberOfCyclesStats": {
			"numberOfCycles": [0,1,2,3,4,5,6,7,8,9,10,11,12,13,14,15],
			"numberOfCyclesDuration": [0,66.60518732,27.27272727,42.50393701,46.08695652,49.96296296,59.78846154,58.24561404,67.58677686,65.62903226,71.22834646,74.2037037,79.6969697,81.27058824,81.23076923,85.63888889],
			"numberOfCyclesEnergy": [0,19310.21283,16016.51175,22762.90636,24911.78089,24502.46163,29827.55062,25721.40919,32184.65787,29880.04191,33224.45241,34700.46121,37137.12872,37558.8372,35106.1821,41053.32307],
			"numberOfCyclesProb": [0.4508653564,0.1017893811,0.04194778527,0.03725432678,0.03373423291,0.03168084482,0.0305074802,0.03344089176,0.03549427985,0.03637430331,0.03725432678,0.03168084482,0.02904077442,0.02493399824,0.02288061015,0.02112056322]
		},
		"means": [
			[0],
			[902.6],
			[1554.866667]
		],
		"startprob": [
			[0.8701196403],
			[0.09481801668],
			[0.03506234302]
		],
		"transprob": [
			[0.93789115,0.475989588,0.2654501217],
			[0.05110213593,0.4382909972,0.2473641525],
			[0.01100671403,0.08571941477,0.4871857259]
		],
		"numberOfStates": 3
	},
	"wm": {
		"induced density of duration": [96.34675395,61.72949789],
		"induced density of sac": [934.5736936,504.867546],
		"numberOfCyclesStats": {
			"numberOfCycles": [0,1,2,3,4,5,6,7,8,9,10,11,12,13],
			"numberOfCyclesDuration": [0,74.8401487,27.04878049,43.69620253,81.57894737,79.66666667,104.8571429,174.6666667,154,164,152,157.5,0,135],
			"numberOfCyclesEnergy": [0,689.9017054,847.3840366,1228.683053,1684.896559,1181.114351,1486.215945,1263.853841,710.9472353,1214.610742,1311.711624,841.4796525,0,623.232966],
			"numberOfCyclesProb": [0.7896209616,0.1368608497,0.04171966421,0.02009666751,0.004833375731,0.001526329178,0.001780717375,0.0007631645892,0.0005087763928,0.0005087763928,0.0002543881964,0.001017552786,0,0.0005087763928]
		},
		"means": [
			[0],
			[222.3333333],
			[92.6]
		],
		"startprob": [
			[0.990410095],
			[0.001687971678],
			[0.00790193335]
		],
		"transprob": [
			[0.9973638532,0.2324840764,0.2791483609],
			[0.0003298563232,0.5143312102,0.06184521798],
			[0.002306290522,0.2531847134,0.6590064211]
		],
		"numberOfStates": 3
	},
	"fridge": {
		"induced density of duration": [99.91946102,14.10769625],
		"induced density of sac": [4444.096929,652.7385191],
		"numberOfCyclesStats": {
			"numberOfCycles": [5,6,7,8,9,10,11,12,13,14,15],
			"numberOfCyclesDuration": [74.90909091,83,91.18584071,94.96732026,97.66304348,100.6888889,104.9209302,102.2702703,108.4125,117.5275591,123.5686275],
			"numberOfCyclesEnergy": [3350.810524,3669.647914,4080.548804,4164.55035,4306.112103,4464.170778,4632.629656,4512.712642,4801.852626,5309.839102,5592.19172],
			"numberOfCyclesProb": [0.0679431748,0.05558987029,0.06979617048,0.09450277949,0.1136504015,0.1111797406,0.1327980235,0.1142680667,0.09882643607,0.07844348363,0.063001853]
		},
		"means": [
			[62],
			[0],
			[248]
		],
		"startprob": [
			[0.4053967396],
			[0.5811922327],
			[0.01341102773]
		],
		"transprob": [
			[0.6392171124,0.2358997026,0.6750398724],
			[0.3389427051,0.7611398105,0.110645933],
			[0.0218401825,0.002960486938,0.2143141946]
		],
		"numberOfStates": 3
	},
	"mw": {
		"induced density of duration": [91.20301136,41.87952761],
		"induced density of sac": [1355.859844,492.4978767],
		"numberOfCyclesStats": {
			"numberOfCycles": [0,1,2,3,4,5,6,7,8,9,10,11,12,13,14,15],
			"numberOfCyclesDuration": [0,158.1055251,116.3460317,102.48125,88.3862069,70.63414634,68,95.73333333,68.25,133.4545455,84.85714286,127,152,104,46,44],
			"numberOfCyclesEnergy": [0,1282.6464,1118.365736,1206.494277,1256.019996,1347.830613,1491.004269,1658.557191,1767.752171,1304.818617,1865.859775,1066.405653,1167.590604,1126.866869,1773.542535,2260.002804],
			"numberOfCyclesProb": [0.1546680234,0.5110658865,0.1602645637,0.08140422284,0.03688628848,0.0208598321,0.01450012719,0.007631645892,0.004070211142,0.00279827016,0.001780717375,0.002543881964,0.0002543881964,0.0005087763928,0.0002543881964,0.0005087763928]
		},
		"means": [
			[0],
			[392.1333333],
			[124.0666667]
		],
		"startprob": [
			[0.9791958153],
			[0.00191056135],
			[0.01889362334]
		],
		"transprob": [
			[0.9846984822,0.6295264624,0.7254486364],
			[0.001315465609,0.1309192201,0.02006499929],
			[0.01398605224,0.2395543175,0.2544863643]
		],
		"numberOfStates": 3
	},
	"oven": {
		"induced density of duration": [65.83957351,42.58853696],
		"induced density of sac": [1896.410964,1429.188414],
		"numberOfCyclesStats": {
			"numberOfCycles": [0,1,2,3,4,5,6,7,8,9,10,11,12,13,14,15],
			"numberOfCyclesDuration": [0,150.933893,136.1548387,137,89.3,42.8,24.44444444,31.33333333,56.6,47,59.6,60.6,38,72.66666667,55,52],
			"numberOfCyclesEnergy": [0,2237.356872,2197.829417,1774.396795,2291.408754,227.9183032,1475.259505,2472.721386,1339.045369,3709.082079,5159.698707,1879.165839,202.357372,1347.741309,292.88567,3735.708049],
			"numberOfCyclesProb": [0.6854161364,0.2425553576,0.03945024179,0.01221684907,0.00509035378,0.001272588445,0.002290659201,0.0007635530669,0.00254517689,0.001018070756,0.001272588445,0.00254517689,0.000254517689,0.002290659201,0.000509035378,0.000509035378]
		},
		"means": [
			[0],
			[1817.533333],
			[1009.333333]
		],
		"startprob": [
			[0.9968148478],
			[0.00104935131],
			[0.002135800899]
		],
		"transprob": [
			[0.9990060417,0.1341772152,0.3945068664],
			[0.0005211565377,0.2379746835,0.1348314607],
			[0.0004728018074,0.6278481013,0.4706616729]
		],
		"numberOfStates": 3
	},
	"dw": {
		"induced density of duration": [6.108299926,11.61341658],
		"induced density of sac": [1188.625234,2251.735678],
		"numberOfCyclesStats": {
			"numberOfCycles": [0,1,2,3,4,5,6,7,8,9,10,11,12,13,14,15],
			"numberOfCyclesDuration": [0,15.48138639,23.75141243,36.5,22,0,0,0,0,0,0,0,0,0,0,0],
			"numberOfCyclesEnergy": [0,2941.552838,5164.345528,6834.414562,4077.690818,0,0,0,0,0,0,0,0,0,0,0],
			"numberOfCyclesProb": [0.7488906291,0.2033411642,0.04620203602,0.001044113808,0.0005220569042,0,0,0,0,0,0,0,0,0,0,0]
		},
		"means": [
			[0],
			[375.3333333],
			[670.2666667]
		],
		"startprob": [
			[0.9819490376],
			[0.01028417281],
			[0.007766789621]
		],
		"transprob": [
			[0.9962602965,0.2854872881,0.1048300537],
			[0.001970703838,0.5190677966,0.3889087657],
			[0.001768999711,0.1954449153,0.5062611807]
		],
		"numberOfStates": 3
	}
}
